{
  "norm_stats": {
    "observation.state.arm.position": {
      "mean": [
        -0.2786390483379364,
        0.9070532321929932,
        0.739579439163208,
        -0.43675634264945984,
        -0.048886820673942566,
        -0.2716207504272461,
        0.296287477016449,
        0.969429612159729,
        0.7899953722953796,
        -0.45679470896720886,
        0.0526871420443058,
        0.2968950569629669
      ],
      "std": [
        0.33514508605003357,
        1.0537817478179932,
        0.8608034253120422,
        0.5193991661071777,
        0.06529367715120316,
        0.32688355445861816,
        0.33724525570869446,
        1.061631441116333,
        0.8653821349143982,
        0.5094496011734009,
        0.06602032482624054,
        0.33687207102775574
      ],
      "q01": [
        -0.7886866927146912,
        0.0,
        0.0,
        -1.5681064128875732,
        -0.1470564752817154,
        -0.7678963541984558,
        0.0,
        0.0,
        0.0,
        -1.521908164024353,
        -0.053048305213451385,
        0.0
      ],
      "q99": [
        -0.00015783309936523438,
        2.4625020027160645,
        2.3829777240753174,
        -0.00037348270416259766,
        0.040928930044174194,
        -0.00015366077423095703,
        0.7776078581809998,
        2.4329988956451416,
        2.3490707874298096,
        -0.0003625154495239258,
        0.1456436812877655,
        0.7762057185173035
      ],
      "q02": [
        -0.7860035300254822,
        0.0,
        0.0,
        -1.4687457084655762,
        -0.1469040811061859,
        -0.7666670083999634,
        0.0,
        0.0,
        0.0,
        -1.4164365530014038,
        -0.016840428113937378,
        0.0
      ],
      "q98": [
        -0.00015783309936523438,
        2.365077018737793,
        2.2075746059417725,
        -0.00037348270416259766,
        0.01822131872177124,
        -0.00015366077423095703,
        0.7770745158195496,
        2.358053684234619,
        2.1765072345733643,
        -0.0003625154495239258,
        0.14544308185577393,
        0.7755494117736816
      ]
    },
    "observation.state.effector.position": {
      "mean": [
        0.7621198892593384,
        0.7480589747428894
      ],
      "std": [
        0.41472938656806946,
        0.4224693775177002
      ],
      "q01": [
        0.0,
        0.0
      ],
      "q99": [
        0.9997999668121338,
        0.9997999668121338
      ],
      "q02": [
        0.0,
        0.0
      ],
      "q98": [
        0.9997999668121338,
        0.9997999668121338
      ]
    },
    "action.arm.position": {
      "mean": [
        -0.28016749024391174,
        0.9162816405296326,
        0.7469318509101868,
        -0.4416614770889282,
        -0.04900823533535004,
        -0.2730942368507385,
        0.29790201783180237,
        0.9792892932891846,
        0.7977543473243713,
        -0.4616564214229584,
        0.052808940410614014,
        0.2985498011112213
      ],
      "std": [
        0.3348175883293152,
        1.0554430484771729,
        0.8620803356170654,
        0.5208317637443542,
        0.06538521498441696,
        0.32656461000442505,
        0.3368154764175415,
        1.0627673864364624,
        0.8661911487579346,
        0.5103840231895447,
        0.06607897579669952,
        0.3364435136318207
      ],
      "q01": [
        -0.7886866927146912,
        0.0,
        0.0,
        -1.5681064128875732,
        -0.1470564752817154,
        -0.7678963541984558,
        0.0,
        0.0,
        0.0,
        -1.521908164024353,
        -0.05495397746562958,
        0.0
      ],
      "q99": [
        -0.00015783309936523438,
        2.466421365737915,
        2.3829777240753174,
        -0.00037348270416259766,
        0.04207193851470947,
        -0.00015366077423095703,
        0.7776078581809998,
        2.4357142448425293,
        2.3502328395843506,
        -0.0003625154495239258,
        0.1456436812877655,
        0.7762057185173035
      ],
      "q02": [
        -0.7860035300254822,
        0.0,
        0.0,
        -1.4687457084655762,
        -0.1469040811061859,
        -0.7666670083999634,
        0.0,
        0.0,
        0.0,
        -1.4167990684509277,
        -0.020551487803459167,
        0.0
      ],
      "q98": [
        -0.00015783309936523438,
        2.370676040649414,
        2.208827495574951,
        -0.00037348270416259766,
        0.020812124013900757,
        -0.00015366077423095703,
        0.7770745158195496,
        2.3645706176757812,
        2.180574417114258,
        -0.0003625154495239258,
        0.14544308185577393,
        0.7755494117736816
      ]
    },
    "action.effector.position": {
      "mean": [
        0.7579068541526794,
        0.7435318231582642
      ],
      "std": [
        0.4173636734485626,
        0.4250955879688263
      ],
      "q01": [
        0.0,
        0.0
      ],
      "q99": [
        0.9997999668121338,
        0.9997999668121338
      ],
      "q02": [
        0.0,
        0.0
      ],
      "q98": [
        0.9997999668121338,
        0.9997999668121338
      ]
    }
  },
  "count": 57214
}