{
  "norm_stats": {
    "observation.state.arm.position": {
      "mean": [
        -0.1737188696861267,
        0.5320962071418762,
        0.44656264781951904,
        -0.27036812901496887,
        -0.027145231142640114,
        -0.16420826315879822,
        0.40115484595298767,
        1.3051903247833252,
        1.071760654449463,
        -0.6267181038856506,
        0.06753277778625488,
        0.4100823402404785
      ],
      "std": [
        0.3028033375740051,
        0.9182853698730469,
        0.7731903195381165,
        0.47357791662216187,
        0.05343179032206535,
        0.2862894833087921,
        0.3265102803707123,
        1.0040358304977417,
        0.8197210431098938,
        0.4820684492588043,
        0.07021261751651764,
        0.33078956604003906
      ],
      "q01": [
        -0.8082956671714783,
        0.0,
        0.0,
        -1.615468346786499,
        -0.14574335881443695,
        -0.7675535678863525,
        0.0,
        0.0,
        0.0,
        -1.3290031034469605,
        -0.07107562177181244,
        0.0
      ],
      "q99": [
        -0.00016165913343424432,
        2.4354177417755127,
        2.4566865426063536,
        -0.0003267533063888717,
        0.00544357255538927,
        -0.0001535107135772762,
        0.7671687778115273,
        2.266560385465622,
        1.944587811279297,
        -0.00026951999664315274,
        0.14781545357704162,
        0.776258738708496
      ],
      "q02": [
        -0.8023142792344093,
        0.0,
        0.0,
        -1.482806504392624,
        -0.1447946149131283,
        -0.7626412250518799,
        0.0,
        0.0,
        0.0,
        -1.2303587846755981,
        -0.05371188254356384,
        0.0
      ],
      "q98": [
        -0.00016165913343424432,
        2.3997178431510924,
        2.3007300208568573,
        -0.0003267533063888717,
        0.0025973408514633756,
        -0.0001535107135772762,
        0.7671687778115273,
        2.266560385465622,
        1.944587811279297,
        -0.00026951999664315274,
        0.14682581040859222,
        0.776258738708496
      ]
    },
    "observation.state.effector.position": {
      "mean": [
        0.8600017428398132,
        0.6550168991088867
      ],
      "std": [
        0.33892470598220825,
        0.46059492230415344
      ],
      "q01": [
        0.0,
        0.0
      ],
      "q99": [
        0.9998,
        1.0
      ],
      "q02": [
        0.0,
        0.0
      ],
      "q98": [
        0.9998,
        1.0
      ]
    },
    "action.arm.position": {
      "mean": [
        -0.1748293787240982,
        0.5374794602394104,
        0.4509682059288025,
        -0.2733977138996124,
        -0.0271306149661541,
        -0.16524672508239746,
        0.403241366147995,
        1.317762851715088,
        1.0809001922607422,
        -0.6320205926895142,
        0.06741376966238022,
        0.4123597741127014
      ],
      "std": [
        0.3029768168926239,
        0.9215218424797058,
        0.775874137878418,
        0.4757544696331024,
        0.053440023213624954,
        0.2864437401294708,
        0.32508960366249084,
        1.0002691745758057,
        0.8161224126815796,
        0.4800570011138916,
        0.0703883245587349,
        0.3293035328388214
      ],
      "q01": [
        -0.8082956671714783,
        0.0,
        0.0,
        -1.615468346786499,
        -0.14574267500955612,
        -0.7675535678863525,
        0.0,
        0.0,
        0.0,
        -1.3290031034469605,
        -0.0716154271364212,
        0.0
      ],
      "q99": [
        -0.00016165913343424432,
        2.4354177417755127,
        2.4566865426063536,
        -0.0003267533063888717,
        0.005753147135861197,
        -0.0001535107135772762,
        0.7671687778115273,
        2.266560385465622,
        1.944587811279297,
        -0.00026951999664315274,
        0.14781545357704162,
        0.776258738708496
      ],
      "q02": [
        -0.8023142792344093,
        0.0,
        0.0,
        -1.482806504392624,
        -0.14479314599893986,
        -0.7626412250518799,
        0.0,
        0.0,
        0.0,
        -1.2303587846755981,
        -0.06774682202339172,
        0.0
      ],
      "q98": [
        -0.00016165913343424432,
        2.3997178431510924,
        2.3007300208568573,
        -0.0003267533063888717,
        0.0033640096252784135,
        -0.0001535107135772762,
        0.7670153133630753,
        2.266560385465622,
        1.944587811279297,
        -0.00026951999664315274,
        0.14682581040859222,
        0.776258738708496
      ]
    },
    "action.effector.position": {
      "mean": [
        0.8574954867362976,
        0.6487511992454529
      ],
      "std": [
        0.3415672183036804,
        0.46265658736228943
      ],
      "q01": [
        0.0,
        0.0
      ],
      "q99": [
        0.9998,
        1.0
      ],
      "q02": [
        0.0,
        0.0
      ],
      "q98": [
        0.9998,
        1.0
      ]
    }
  },
  "count": 798
}